{
  "HTTP Request-OP2-1" : {
    "transaction" : "HTTP Request-OP2-1",
    "sampleCount" : 50,
    "errorCount" : 0,
    "errorPct" : 0.0,
    "meanResTime" : 185.54000000000002,
    "medianResTime" : 176.0,
    "minResTime" : 162.0,
    "maxResTime" : 309.0,
    "pct1ResTime" : 217.9,
    "pct2ResTime" : 249.04999999999987,
    "pct3ResTime" : 309.0,
    "throughput" : 4.364906154517678,
    "receivedKBytesPerSec" : 42.83916684853776,
    "sentKBytesPerSec" : 1.0059744652989961
  },
  "HTTP Request-OP3-0" : {
    "transaction" : "HTTP Request-OP3-0",
    "sampleCount" : 50,
    "errorCount" : 0,
    "errorPct" : 0.0,
    "meanResTime" : 172.90000000000003,
    "medianResTime" : 161.0,
    "minResTime" : 154.0,
    "maxResTime" : 310.0,
    "pct1ResTime" : 202.8,
    "pct2ResTime" : 238.54999999999993,
    "pct3ResTime" : 310.0,
    "throughput" : 4.055478952064239,
    "receivedKBytesPerSec" : 2.5980412036661527,
    "sentKBytesPerSec" : 0.8594130201151755
  },
  "HTTP Request-OverviewPage-0" : {
    "transaction" : "HTTP Request-OverviewPage-0",
    "sampleCount" : 50,
    "errorCount" : 0,
    "errorPct" : 0.0,
    "meanResTime" : 195.57999999999996,
    "medianResTime" : 185.5,
    "minResTime" : 169.0,
    "maxResTime" : 312.0,
    "pct1ResTime" : 245.5,
    "pct2ResTime" : 264.15,
    "pct3ResTime" : 312.0,
    "throughput" : 4.426345609065156,
    "receivedKBytesPerSec" : 2.550335848973088,
    "sentKBytesPerSec" : 0.8083267860304533
  },
  "HTTP Request-OP1-1" : {
    "transaction" : "HTTP Request-OP1-1",
    "sampleCount" : 50,
    "errorCount" : 0,
    "errorPct" : 0.0,
    "meanResTime" : 189.48000000000005,
    "medianResTime" : 177.0,
    "minResTime" : 162.0,
    "maxResTime" : 313.0,
    "pct1ResTime" : 233.7,
    "pct2ResTime" : 273.4499999999998,
    "pct3ResTime" : 313.0,
    "throughput" : 4.460303300624442,
    "receivedKBytesPerSec" : 43.77543766726137,
    "sentKBytesPerSec" : 1.0279605263157894
  },
  "HTTP Request-OP2-0" : {
    "transaction" : "HTTP Request-OP2-0",
    "sampleCount" : 50,
    "errorCount" : 0,
    "errorPct" : 0.0,
    "meanResTime" : 196.76000000000002,
    "medianResTime" : 180.0,
    "minResTime" : 166.0,
    "maxResTime" : 306.0,
    "pct1ResTime" : 253.1,
    "pct2ResTime" : 284.5499999999999,
    "pct3ResTime" : 306.0,
    "throughput" : 4.334633723450368,
    "receivedKBytesPerSec" : 2.7768747290853923,
    "sentKBytesPerSec" : 0.9312689640225401
  },
  "HTTP Request-OverviewPage-1" : {
    "transaction" : "HTTP Request-OverviewPage-1",
    "sampleCount" : 50,
    "errorCount" : 0,
    "errorPct" : 0.0,
    "meanResTime" : 196.14000000000001,
    "medianResTime" : 181.0,
    "minResTime" : 165.0,
    "maxResTime" : 364.0,
    "pct1ResTime" : 230.7,
    "pct2ResTime" : 342.9999999999999,
    "pct3ResTime" : 364.0,
    "throughput" : 4.42556204637989,
    "receivedKBytesPerSec" : 43.43447125597451,
    "sentKBytesPerSec" : 0.8773331009913259
  },
  "HTTP Request-OP1-0" : {
    "transaction" : "HTTP Request-OP1-0",
    "sampleCount" : 50,
    "errorCount" : 0,
    "errorPct" : 0.0,
    "meanResTime" : 192.23999999999998,
    "medianResTime" : 175.5,
    "minResTime" : 166.0,
    "maxResTime" : 275.0,
    "pct1ResTime" : 256.6,
    "pct2ResTime" : 268.9,
    "pct3ResTime" : 275.0,
    "throughput" : 4.451963315822278,
    "receivedKBytesPerSec" : 2.852038999198647,
    "sentKBytesPerSec" : 0.9564764936336925
  },
  "HTTP Request-OverviewPage" : {
    "transaction" : "HTTP Request-OverviewPage",
    "sampleCount" : 50,
    "errorCount" : 0,
    "errorPct" : 0.0,
    "meanResTime" : 392.2199999999999,
    "medianResTime" : 378.0,
    "minResTime" : 335.0,
    "maxResTime" : 625.0,
    "pct1ResTime" : 458.0,
    "pct2ResTime" : 596.6999999999998,
    "pct3ResTime" : 625.0,
    "throughput" : 4.356539165287096,
    "receivedKBytesPerSec" : 45.26716476431123,
    "sentKBytesPerSec" : 1.659228783654265
  },
  "HTTP Request-OP3" : {
    "transaction" : "HTTP Request-OP3",
    "sampleCount" : 50,
    "errorCount" : 0,
    "errorPct" : 0.0,
    "meanResTime" : 355.74,
    "medianResTime" : 341.0,
    "minResTime" : 319.0,
    "maxResTime" : 593.0,
    "pct1ResTime" : 408.7,
    "pct2ResTime" : 446.39999999999975,
    "pct3ResTime" : 593.0,
    "throughput" : 4.00192092204258,
    "receivedKBytesPerSec" : 41.84039589002722,
    "sentKBytesPerSec" : 1.77038103289579
  },
  "HTTP Request-OP1" : {
    "transaction" : "HTTP Request-OP1",
    "sampleCount" : 50,
    "errorCount" : 0,
    "errorPct" : 0.0,
    "meanResTime" : 382.08000000000004,
    "medianResTime" : 366.5,
    "minResTime" : 332.0,
    "maxResTime" : 507.0,
    "pct1ResTime" : 444.8,
    "pct2ResTime" : 478.7999999999999,
    "pct3ResTime" : 507.0,
    "throughput" : 4.38288920056101,
    "receivedKBytesPerSec" : 45.82344900508415,
    "sentKBytesPerSec" : 1.9517553471248248
  },
  "HTTP Request-OP2" : {
    "transaction" : "HTTP Request-OP2",
    "sampleCount" : 50,
    "errorCount" : 0,
    "errorPct" : 0.0,
    "meanResTime" : 382.64000000000004,
    "medianResTime" : 368.5,
    "minResTime" : 328.0,
    "maxResTime" : 492.0,
    "pct1ResTime" : 440.7,
    "pct2ResTime" : 485.59999999999997,
    "pct3ResTime" : 492.0,
    "throughput" : 4.27313904794462,
    "receivedKBytesPerSec" : 44.67600258524912,
    "sentKBytesPerSec" : 1.9028822322878385
  },
  "HTTP Request- T& C" : {
    "transaction" : "HTTP Request- T& C",
    "sampleCount" : 50,
    "errorCount" : 0,
    "errorPct" : 0.0,
    "meanResTime" : 393.36,
    "medianResTime" : 384.5,
    "minResTime" : 333.0,
    "maxResTime" : 531.0,
    "pct1ResTime" : 476.4,
    "pct2ResTime" : 508.74999999999994,
    "pct3ResTime" : 531.0,
    "throughput" : 4.4006336912515405,
    "receivedKBytesPerSec" : 46.00896904154198,
    "sentKBytesPerSec" : 1.9596571906354514
  },
  "HTTP Request- Login Page" : {
    "transaction" : "HTTP Request- Login Page",
    "sampleCount" : 50,
    "errorCount" : 0,
    "errorPct" : 0.0,
    "meanResTime" : 794.58,
    "medianResTime" : 759.0,
    "minResTime" : 653.0,
    "maxResTime" : 1194.0,
    "pct1ResTime" : 959.1,
    "pct2ResTime" : 1012.55,
    "pct3ResTime" : 1194.0,
    "throughput" : 4.619364375461936,
    "receivedKBytesPerSec" : 45.33653513026608,
    "sentKBytesPerSec" : 1.2179964661862528
  },
  "Total" : {
    "transaction" : "Total",
    "sampleCount" : 800,
    "errorCount" : 0,
    "errorPct" : 0.0,
    "meanResTime" : 287.78500000000037,
    "medianResTime" : 206.0,
    "minResTime" : 154.0,
    "maxResTime" : 1194.0,
    "pct1ResTime" : 437.0,
    "pct2ResTime" : 703.8999999999999,
    "pct3ResTime" : 943.7400000000002,
    "throughput" : 24.307982133633132,
    "receivedKBytesPerSec" : 173.553413942147,
    "sentKBytesPerSec" : 6.961245860046793
  },
  "HTTP Request- T& C-1" : {
    "transaction" : "HTTP Request- T& C-1",
    "sampleCount" : 50,
    "errorCount" : 0,
    "errorPct" : 0.0,
    "meanResTime" : 192.04,
    "medianResTime" : 184.0,
    "minResTime" : 165.0,
    "maxResTime" : 346.0,
    "pct1ResTime" : 230.9,
    "pct2ResTime" : 244.04999999999995,
    "pct3ResTime" : 346.0,
    "throughput" : 4.473472309206406,
    "receivedKBytesPerSec" : 43.90468428469178,
    "sentKBytesPerSec" : 1.030995571262414
  },
  "HTTP Request- T& C-0" : {
    "transaction" : "HTTP Request- T& C-0",
    "sampleCount" : 50,
    "errorCount" : 0,
    "errorPct" : 0.0,
    "meanResTime" : 200.85999999999996,
    "medianResTime" : 185.5,
    "minResTime" : 165.0,
    "maxResTime" : 313.0,
    "pct1ResTime" : 257.59999999999997,
    "pct2ResTime" : 308.9,
    "pct3ResTime" : 313.0,
    "throughput" : 4.477478284230322,
    "receivedKBytesPerSec" : 2.8683845258350495,